{
  "preload": {
    "files": [
      {
        "type": "tilemapTiledJSON",
        "key": "levelMap",
        "url": "./assets/maps/levelMap.json"
      },
      {
        "type": "bitmapFont",
        "key": "font",
        "textureURL": "./assets/font/font.png",
        "fontDataURL": "./assets/font/font.fnt"
      },
      {
        "type": "image",
        "key": "tankBlue",
        "url": "./assets/sprites/tank-blue.png"
      },
      {
        "type": "image",
        "key": "tankRed",
        "url": "./assets/sprites/tank-red.png"
      },
      {
        "type": "image",
        "key": "barrelBlue",
        "url": "./assets/sprites/barrel-blue.png"
      },
      {
        "type": "image",
        "key": "barrelRed",
        "url": "./assets/sprites/barrel-red.png"
      },
      {
        "type": "image",
        "key": "bulletBlue",
        "url": "./assets/sprites/bullet-blue.png"
      },
      {
        "type": "image",
        "key": "bulletRed",
        "url": "./assets/sprites/bullet-red.png"
      },
      {
        "type": "image",
        "key": "tiles",
        "url": "./assets/tiles/tiles.png"
      },
      {
        "type": "image",
        "key": "barrelGreyTop",
        "url": "./assets/obstacles/barrel-grey-top.png"
      },
      {
        "type": "image",
        "key": "barrelGreySideRust",
        "url": "./assets/obstacles/barrel-grey-side-rust.png"
      },
      {
        "type": "image",
        "key": "barrelGreySide",
        "url": "./assets/obstacles/barrel-grey-side.png"
      },
      {
        "type": "image",
        "key": "barrelRedTop",
        "url": "./assets/obstacles/barrel-red-top.png"
      },
      {
        "type": "image",
        "key": "barrelRedSide",
        "url": "./assets/obstacles/barrel-red-side.png"
      },
      {
        "type": "image",
        "key": "treeSmall",
        "url": "./assets/obstacles/tree-small.png"
      },
      {
        "type": "image",
        "key": "treeLarge",
        "url": "./assets/obstacles/tree-large.png"
      }
    ]
  }
}
